INSERT INTO zhanr (id, "name") 
values(1, 'поп'), (2, 'рок'), (3, 'рэп'), (4, 'шансон');

INSERT INTO artist  (id, zhanr_id,  "name") 
VALUES (1, 1, 'Пугачева'), (2, 1, 'Киркоров'), (3, 1, 'Газманов'), (4, 1, 'Гагарина'), 
(5, 2, 'Цой'), (6, 2, 'Земфира'), (7, 2, 'Ария'), (8, 2, 'Чиж'), (9, 3, 'Баста'), (10, 3, 'Тимати'), 
(11, 3, 'Джиган'), (12, 3, 'Гуф'), (13, 4, 'Круг'), (14, 4, 'Новиков'), (15, 4, 'Маршал'), (16, 4, 'Лепс'),
(17, 1, 'Лепс');

INSERT INTO album  (id, artist_id, "name", years) 
VALUES (1, 1, 'Живи спокойно, страна!', '10-10-2003'), (2, 1, 'Приглашение на закат', '10-10-2008'), 
(3, 2, 'Дуэты', '10-10-2004'), (4, 2, 'For You', '10-10-2007'), (5, 3, '7:0 в мою пользу', '10-10-2021'), 
(6, 3, 'Жить — так жить!', '10-10-2018'),(7, 4, 'Навсегда', '10-10-2022'), (8, 4, 'Вчера', '10-10-2021'), 
(9, 5, 'Чёрный альбом','10-10-1991'), (10, 5, 'Звезда по имени Солнце', '10-10-1989'), 
(11, 6, 'Остин', '10-10-2021'), (12, 6, 'Мясо', '10-10-2022'), 
(13, 7, 'Проклятье морей', '10-10-2018'), (14, 7, 'Феникс', '10-10-2011'), 
(15, 8, 'Легенды русского рока', '10-10-2001'), (16, 8, 'Иллюзия', '10-10-1998'),
(17, 9, 'Палец на отсечение', '10-10-2022'), (18, 9, 'Не три', '10-10-2020'), 
(19, 10, 'Олимп','10-10-2016'),(20, 10, 'Транзит', '10-10-2020'), 
(21, 11, 'Край рая', '10-10-2019'), (22, 11, 'Дни и ночи', '10-10-2017'),
(23, 12, 'О пять', '10-10-2022'), (24, 12, 'Еще', '10-10-2015'), 
(25, 13, 'Исповедь', '10-10-2003'), (66, 13, 'Посвящение', '10-10-2022'),
(27, 14, 'Красивоглазая', '10-10-2000'), (28, 14, 'Бурлак', '10-10-1999'), 
(29, 15, 'Невыдуманные истории','10-10-2020'), (30, 15, 'Обернись', '10-10-2012'),
(31, 16, 'В центре Земли','10-10-2006'), (32, 16, 'Водопад. Live', '10-10-2009');

INSERT INTO sbornik  (id, "name") 
VALUES (1,'первый'), (2, 'второй'), 
(3, 'третий'), (4,'четвертый'), 
(5, 'пятый'), (6,'шестой'),
(7, 'седьмой'), (8,'восьмой');


INSERT INTO singl  (id, album_id, sbornik_id, "name", long) 
VALUES (1, 1, 1, 'Ост', '1:12:00'), (2, 2, 1,'Мяс', '1:12:00'), 
(3, 3, 2, 'Проклятье', '1:16:00'), (4, 4, 2, 'Фени', '1:12:001'), 
(5, 5, 3, 'Легенды', '1:12:00'), (6, 6, 3, 'Иллю', '1:12:00'),
(7, 7, 4, 'Палец', '1:12:00'), (8, 8, 4, 'три', '1:19:00'), 
(9, 9, 5, 'Оли','8:12:00'),(10, 10, 5, 'Тран', '1:12:00'), 
(11, 11, 6, 'Край', '1:12:00'), (12, 12, 6, 'Дни', '1:25:00'),
(13, 13, 7, 'пять', '1:12:00'), (14, 14, 7, 'Еще2', '0:12:00'), 
(15, 15, 8, 'Исповедь2', '1:12:00'), (16, 16, 8, 'Посвящение2', '1:12:00'),
(17, 17, 1, 'Красивоz', '1:12:00'), (18, 18, 1, 'Бурлак на Волге', '1:12:00'), 
(19, 19, 2, 'истории','1:12:00'), (20, 20, 2, 'Обер', '1:12:00'),
(21, 21, 3, 'В центре','6:12:00'), (22, 22, 3, 'Водопад', '1:12:00'),
(23, 23, 4, 'Красивоглаз', '1:12:00'), (24, 24, 4, 'Бур', '1:12:00'), 
(25, 25, 5, 'Невыдуманные','1:12:00'), (26, 66, 5, 'ернись', '1:12:00'),
(27, 27, 6, 'Земли','1:12:00'), (28, 28, 6, 'Live', '1:12:00'),
(29, 29, 7, 'глазая', '1:12:00'), (30, 30, 7, 'лак', '1:12:00'), 
(31, 31, 8, 'Невыдуман','1:12:00'), (32, 32, 8, 'ись', '1:12:00'),
(33, 32, 1, 'В','1:12:00'), (34, 31, 1, 'Водо', '4:12:00'),
(35, 30, 2, 'ая', '1:12:00'), (36, 29, 2, 'ак', '5:12:00'), 
(37, 19, 3, 'ии','1:12:00'), (38, 20, 3, 'Обь', '1:12:00'),
(39, 21, 4, 'центр','3:12:00'), (40, 22, 4, 'пад', '2:12:00'),
(41, 17, Null, 'мой', '01:10:21');






